{
  "feature_columns": [
    "quality_log_laplacian_var",
    "quality_entropy",
    "quality_fov_ratio",
    "quality_center_offset",
    "quality_illumination_cv",
    "color_red_mean",
    "color_red_std",
    "color_red_skew",
    "color_red_p10",
    "color_red_p90",
    "color_green_mean",
    "color_green_std",
    "color_green_skew",
    "color_green_p10",
    "color_green_p90",
    "color_blue_mean",
    "color_blue_std",
    "color_blue_skew",
    "color_blue_p10",
    "color_blue_p90",
    "vessel_density",
    "vessel_component_density",
    "dark_small_count_log",
    "dark_small_area_ratio",
    "dark_small_mean_area",
    "dark_large_count_log",
    "dark_large_area_ratio",
    "bright_candidate_count_log",
    "bright_candidate_area_ratio",
    "lbp_00",
    "lbp_01",
    "lbp_02",
    "lbp_03",
    "lbp_04",
    "lbp_05",
    "lbp_06",
    "lbp_07",
    "lbp_08",
    "lbp_09",
    "lbp_10",
    "lbp_11",
    "lbp_12",
    "lbp_13",
    "lbp_14",
    "lbp_15"
  ],
  "feature_mean": [
    3.514597177505493,
    3.8699800968170166,
    0.8553974032402039,
    0.004405280575156212,
    0.2112150490283966,
    0.5393904447555542,
    0.10622907429933548,
    -0.22154149413108826,
    0.4320701062679291,
    0.6496614813804626,
    0.2882910668849945,
    0.06924451887607574,
    0.8652383685112,
    0.2211729884147644,
    0.3614028990268707,
    0.09069312363862991,
    0.0400400310754776,
    1.9199984073638916,
    0.05273004248738289,
    0.13633376359939575,
    0.15672986209392548,
    0.002806334290653467,
    1.1362195014953613,
    0.00010724604362621903,
    2.2167743736645207e-05,
    1.1286780834197998,
    0.0018056923290714622,
    5.314887523651123,
    0.04921369627118111,
    0.08980981260538101,
    0.05675226449966431,
    0.02761521004140377,
    0.08703041076660156,
    0.011292918585240841,
    0.006906184367835522,
    0.017160605639219284,
    0.0675450935959816,
    0.05689140781760216,
    0.024331536144018173,
    0.012570392340421677,
    0.034085992723703384,
    0.06933151930570602,
    0.03298891335725784,
    0.10149455815553665,
    0.3041931986808777
  ],
  "feature_std": [
    0.6805213093757629,
    0.43062448501586914,
    0.05886964127421379,
    0.006371989846229553,
    0.0702776163816452,
    0.14066345989704132,
    0.02446187287569046,
    1.3469209671020508,
    0.15648478269577026,
    0.14416268467903137,
    0.0733160525560379,
    0.02319388836622238,
    1.369343876838684,
    0.07605035603046417,
    0.08550480008125305,
    0.06332612037658691,
    0.0259113609790802,
    2.179682493209839,
    0.05038590356707573,
    0.08788490295410156,
    0.01593552902340889,
    0.0009353908826597035,
    0.844930112361908,
    0.0001605667785042897,
    1.621094452275429e-05,
    0.6774788498878479,
    0.0021978786680847406,
    0.38623884320259094,
    0.00930140819400549,
    0.026360781863331795,
    0.007737011183053255,
    0.009039661847054958,
    0.016985176131129265,
    0.006503395736217499,
    0.004047942813485861,
    0.0051389713771641254,
    0.00840572826564312,
    0.012201461009681225,
    0.004148648586124182,
    0.0034215417690575123,
    0.004165958147495985,
    0.010827954858541489,
    0.009472681209445,
    0.018208179622888565,
    0.04787350445985794
  ],
  "thresholds": [
    0.699999988079071,
    1.0080000162124634,
    2.690000057220459,
    3.3299999237060547
  ],
  "image_size": 300
}